{
    // Use IntelliSense to learn about possible attributes.
    // Hover to view descriptions of existing attributes.
    // For more information, visit: https://go.microsoft.com/fwlink/?linkid=830387
    "version": "0.2.0",
    "configurations": [
        {
            "command": "npm start",
            "name": "Run npm start",
            "request": "launch",
            "type": "node-terminal"
        },
        {
            "name": "Launch Program",
            "program": "${workspaceFolder}/app.js",
            "request": "launch",
            "skipFiles": [
                "<node_internals>/**"
            ],
            "type": "node"
        },
        {
            "name": "Launch Chrome",
            "request": "launch",
            "type": "chrome",
            "url": "http://localhost:8080",
            "webRoot": "${workspaceFolder}"
        },
        {
            "type": "chrome",
            "request": "launch",
            "name": "Launch Chrome against localhost",
            "url": "http://localhost:8080",
            "webRoot": "${workspaceFolder}"
        }
    ]
}